Time,header.seq,header.stamp.secs,header.stamp.nsecs,header.frame_id,pose.position.x,pose.position.y,pose.position.z,pose.orientation.x,pose.orientation.y,pose.orientation.z,pose.orientation.w
1714767874.3218617,1,0,0,,8.0,0.0,0.0,0.0,0.0,0.0,0.0
1714767875.3218927,2,0,0,,9.0,0.0,0.0,0.0,0.0,0.0,0.0
1714767876.322355,3,0,0,,10.0,0.0,0.0,0.0,0.0,0.0,0.0
1714767877.321837,4,0,0,,11.0,0.0,0.0,0.0,0.0,0.0,0.0
1714767878.322048,5,0,0,,12.0,0.0,0.0,0.0,0.0,0.0,0.0
1714767879.3220284,6,0,0,,13.0,0.0,0.0,0.0,0.0,0.0,0.0
1714767880.3220613,7,0,0,,14.0,0.0,0.0,0.0,0.0,0.0,0.0
1714767881.3219738,8,0,0,,15.0,0.0,0.0,0.0,0.0,0.0,0.0
1714767882.3220725,9,0,0,,16.0,0.0,0.0,0.0,0.0,0.0,0.0
