Time,header.seq,header.stamp.secs,header.stamp.nsecs,header.frame_id,twist.linear.x,twist.linear.y,twist.linear.z,twist.angular.x,twist.angular.y,twist.angular.z
1714767874.3218603,1,0,0,,0.0,0.0,0.0,8.0,0.0,0.0
1714767875.3218927,2,0,0,,0.0,0.0,0.0,9.0,0.0,0.0
1714767876.3221254,3,0,0,,0.0,0.0,0.0,10.0,0.0,0.0
1714767877.3218527,4,0,0,,0.0,0.0,0.0,11.0,0.0,0.0
1714767878.3220496,5,0,0,,0.0,0.0,0.0,12.0,0.0,0.0
1714767879.3220346,6,0,0,,0.0,0.0,0.0,13.0,0.0,0.0
1714767880.3221066,7,0,0,,0.0,0.0,0.0,14.0,0.0,0.0
1714767881.321973,8,0,0,,0.0,0.0,0.0,15.0,0.0,0.0
1714767882.322091,9,0,0,,0.0,0.0,0.0,16.0,0.0,0.0
